,사고번호,사고일시,요일,시군구,사고내용,사망자수,중상자수,경상자수,부상신고자수,사고유형,법규위반,노면상태,기상상태,도로형태,가해운전자 차종,가해운전자 성별,가해운전자 연령,가해운전자 상해정도,피해운전자 차종,피해운전자 성별,피해운전자 연령,피해운전자 상해정도
58,2018053100100491,2018년 5월 31일 17시,목요일,세종특별자치시 세종특별자치시 조치원읍,중상사고,0,1,0,0,차대사람 - 횡단중,안전운전불이행,포장 - 건조,맑음,단일로 - 기타,이륜,남,50세,상해없음,보행자,여,79세,중상
59,2018060300100280,2018년 6월 3일 15시,일요일,세종특별자치시 세종특별자치시 연기면,경상사고,0,0,1,0,차대사람 - 기타,안전운전불이행,포장 - 건조,맑음,기타 - 기타,원동기,여,34세,상해없음,보행자,여,32세,경상
60,2018060500100166,2018년 6월 5일 09시,화요일,세종특별자치시 세종특별자치시 조치원읍,경상사고,0,0,1,0,차대사람 - 기타,안전운전불이행,포장 - 건조,맑음,기타 - 기타,이륜,남,73세,상해없음,보행자,남,21세,경상
61,2018060800100418,2018년 6월 8일 16시,금요일,세종특별자치시 세종특별자치시 보람동,중상사고,0,1,0,0,차대사람 - 차도통행중,안전운전불이행,포장 - 건조,맑음,단일로 - 기타,이륜,남,18세,상해없음,보행자,남,49세,중상
62,2018060800100419,2018년 6월 8일 16시,금요일,세종특별자치시 세종특별자치시 아름동,부상신고사고,0,0,0,1,차대사람 - 기타,안전운전불이행,포장 - 건조,맑음,기타 - 기타,자전거,남,12세,상해없음,보행자,여,69세,부상신고
63,2018061100100237,2018년 6월 11일 12시,월요일,세종특별자치시 세종특별자치시 조치원읍,경상사고,0,0,1,0,차대사람 - 횡단중,안전운전불이행,포장 - 건조,맑음,교차로 - 교차로부근,승용,여,44세,상해없음,보행자,여,21세,경상
64,2018061400100377,2018년 6월 14일 16시,목요일,세종특별자치시 세종특별자치시 조치원읍,경상사고,0,0,1,0,차대사람 - 횡단중,안전운전불이행,포장 - 건조,맑음,기타 - 기타,기타불명,기타불명,미분류,기타불명,보행자,여,49세,경상
65,2018061800100514,2018년 6월 18일 18시,월요일,세종특별자치시 세종특별자치시 연동면,경상사고,0,0,1,0,차대사람 - 기타,안전운전불이행,포장 - 건조,맑음,단일로 - 기타,승합,남,43세,상해없음,보행자,남,24세,경상
66,2018061900100056,2018년 6월 19일 06시,화요일,세종특별자치시 세종특별자치시 금남면,경상사고,0,0,1,0,차대사람 - 길가장자리구역통행중,안전운전불이행,포장 - 건조,맑음,단일로 - 기타,화물,남,76세,상해없음,보행자,여,60세,경상
67,2018062500100121,2018년 6월 25일 08시,월요일,세종특별자치시 세종특별자치시 종촌동,중상사고,0,1,0,0,차대사람 - 횡단중,안전운전불이행,포장 - 건조,맑음,단일로 - 기타,승용,여,23세,상해없음,보행자,남,15세,중상
68,2018071300100477,2018년 7월 13일 18시,금요일,세종특별자치시 세종특별자치시 조치원읍,경상사고,0,0,1,0,차대사람 - 횡단중,보행자보호의무위반,포장 - 건조,맑음,기타 - 기타,승합,남,44세,상해없음,보행자,남,75세,경상
69,2018071900100590,2018년 7월 19일 19시,목요일,세종특별자치시 세종특별자치시 장군면,경상사고,0,0,1,0,차대사람 - 기타,안전운전불이행,포장 - 건조,맑음,단일로 - 기타,승용,남,42세,상해없음,보행자,남,5세,경상
70,2018071900100655,2018년 7월 19일 21시,목요일,세종특별자치시 세종특별자치시 조치원읍,중상사고,0,1,0,0,차대사람 - 횡단중,보행자보호의무위반,포장 - 건조,맑음,단일로 - 기타,승합,남,44세,상해없음,보행자,여,14세,중상
71,2018072000100131,2018년 7월 20일 08시,금요일,세종특별자치시 세종특별자치시 종촌동,중상사고,0,1,0,0,차대사람 - 횡단중,보행자보호의무위반,포장 - 건조,맑음,교차로 - 교차로안,승용,남,60세,상해없음,보행자,남,10세,중상
72,2018073000100673,2018년 7월 30일 23시,월요일,세종특별자치시 세종특별자치시 조치원읍,중상사고,0,1,0,0,차대사람 - 기타,보행자보호의무위반,포장 - 건조,맑음,교차로 - 교차로부근,승용,여,58세,상해없음,보행자,남,65세,중상
73,2018080900100186,2018년 8월 9일 10시,목요일,세종특별자치시 세종특별자치시 새롬동,중상사고,0,1,0,0,차대사람 - 횡단중,신호위반,포장 - 건조,맑음,교차로 - 교차로안,승용,여,56세,상해없음,보행자,남,8세,중상
74,2018080900100394,2018년 8월 9일 16시,목요일,세종특별자치시 세종특별자치시 조치원읍,경상사고,0,0,1,0,차대사람 - 기타,기타,포장 - 건조,맑음,단일로 - 기타,승용,남,47세,상해없음,보행자,여,5세,경상
75,2018081000100574,2018년 8월 10일 20시,금요일,세종특별자치시 세종특별자치시 아름동,경상사고,0,0,1,0,차대사람 - 기타,안전운전불이행,포장 - 건조,맑음,단일로 - 기타,승용,여,39세,상해없음,보행자,남,67세,경상
76,2018081100100152,2018년 8월 11일 09시,토요일,세종특별자치시 세종특별자치시 어진동,중상사고,0,1,0,0,차대사람 - 기타,안전운전불이행,포장 - 건조,맑음,교차로 - 교차로부근,승용,여,65세,상해없음,보행자,남,64세,중상
77,2018081900100266,2018년 8월 19일 14시,일요일,세종특별자치시 세종특별자치시 조치원읍,중상사고,0,1,0,0,차대사람 - 횡단중,신호위반,포장 - 건조,맑음,단일로 - 기타,승용,남,57세,상해없음,보행자,여,71세,중상
78,2018091200100069,2018년 9월 12일 06시,수요일,세종특별자치시 세종특별자치시 조치원읍,경상사고,0,0,1,0,차대사람 - 횡단중,안전운전불이행,포장 - 건조,맑음,단일로 - 기타,승용,남,37세,상해없음,보행자,남,75세,경상
79,2018091400100386,2018년 9월 14일 15시,금요일,세종특별자치시 세종특별자치시 고운동,중상사고,0,1,0,0,차대사람 - 횡단중,기타,포장 - 젖음/습기,흐림,단일로 - 기타,승용,남,28세,상해없음,보행자,남,12세,중상
80,2018091700100361,2018년 9월 17일 15시,월요일,세종특별자치시 세종특별자치시 한솔동,중상사고,0,1,0,0,차대사람 - 기타,기타,포장 - 건조,맑음,단일로 - 기타,승합,남,50세,상해없음,보행자,여,69세,중상
81,2018092100100101,2018년 9월 21일 06시,금요일,세종특별자치시 세종특별자치시 나성동,중상사고,0,1,0,0,차대사람 - 기타,안전운전불이행,포장 - 젖음/습기,비,단일로 - 기타,승용,남,68세,상해없음,보행자,여,22세,중상
82,2018092100100790,2018년 9월 21일 21시,금요일,세종특별자치시 세종특별자치시 소정면,사망사고,1,0,0,0,차대사람 - 횡단중,안전운전불이행,포장 - 건조,맑음,교차로 - 교차로부근,화물,남,60세,상해없음,보행자,남,63세,사망
83,2018092300100114,2018년 9월 23일 10시,일요일,세종특별자치시 세종특별자치시 조치원읍,중상사고,0,1,0,0,차대사람 - 길가장자리구역통행중,안전운전불이행,포장 - 건조,맑음,단일로 - 기타,화물,남,54세,상해없음,보행자,남,57세,중상
84,2018092500100024,2018년 9월 25일 02시,화요일,세종특별자치시 세종특별자치시 소정면,사망사고,1,0,0,0,차대사람 - 기타,안전운전불이행,포장 - 건조,맑음,교차로 - 교차로안,화물,남,54세,상해없음,보행자,남,67세,사망
85,2018100200100544,2018년 10월 2일 19시,화요일,세종특별자치시 세종특별자치시 소담동,중상사고,0,1,0,0,차대사람 - 보도통행중,기타,포장 - 건조,맑음,교차로 - 교차로안,이륜,남,18세,상해없음,보행자,남,5세,중상
86,2018100300100226,2018년 10월 3일 12시,수요일,세종특별자치시 세종특별자치시 장군면,경상사고,0,0,1,0,차대사람 - 기타,안전운전불이행,포장 - 건조,맑음,단일로 - 기타,승용,남,57세,기타불명,보행자,남,55세,경상
87,2018100400100282,2018년 10월 4일 12시,목요일,세종특별자치시 세종특별자치시 보람동,중상사고,0,1,0,0,차대사람 - 횡단중,보행자보호의무위반,포장 - 건조,맑음,교차로 - 교차로횡단보도내,승용,여,39세,상해없음,보행자,여,68세,중상
88,2018101000100339,2018년 10월 10일 16시,수요일,세종특별자치시 세종특별자치시 조치원읍,중상사고,0,1,0,0,차대사람 - 횡단중,안전운전불이행,포장 - 건조,맑음,교차로 - 교차로안,승용,여,47세,상해없음,보행자,남,84세,중상
89,2018101100100541,2018년 10월 11일 20시,목요일,세종특별자치시 세종특별자치시 조치원읍,경상사고,0,0,2,0,차대사람 - 횡단중,안전운전불이행,포장 - 건조,맑음,교차로 - 교차로안,화물,남,57세,상해없음,보행자,여,31세,경상
90,2018101500100158,2018년 10월 15일 10시,월요일,세종특별자치시 세종특별자치시 전의면,중상사고,0,1,0,0,차대사람 - 길가장자리구역통행중,안전운전불이행,포장 - 건조,맑음,단일로 - 기타,화물,남,41세,상해없음,보행자,남,57세,중상
91,2018101800100109,2018년 10월 18일 08시,목요일,세종특별자치시 세종특별자치시 한솔동,경상사고,0,0,1,0,차대사람 - 횡단중,신호위반,포장 - 건조,맑음,교차로 - 교차로횡단보도내,승용,남,41세,상해없음,보행자,남,14세,경상
92,2018101800100629,2018년 10월 18일 21시,목요일,세종특별자치시 세종특별자치시 소담동,경상사고,0,0,1,0,차대사람 - 횡단중,안전운전불이행,포장 - 건조,흐림,기타 - 기타,승용,여,22세,상해없음,보행자,여,15세,경상
93,2018103100100494,2018년 10월 31일 18시,수요일,세종특별자치시 세종특별자치시 조치원읍,부상신고사고,0,0,0,1,차대사람 - 횡단중,신호위반,포장 - 건조,맑음,교차로 - 교차로부근,승용,여,21세,상해없음,보행자,남,57세,부상신고
94,2018110200100678,2018년 11월 2일 19시,금요일,세종특별자치시 세종특별자치시 조치원읍,중상사고,0,1,0,0,차대사람 - 횡단중,신호위반,포장 - 건조,맑음,단일로 - 기타,화물,남,27세,상해없음,보행자,여,23세,중상
95,2018111000100105,2018년 11월 10일 06시,토요일,세종특별자치시 세종특별자치시 종촌동,부상신고사고,0,0,0,1,차대사람 - 기타,안전운전불이행,포장 - 건조,맑음,단일로 - 기타,자전거,남,60세,상해없음,보행자,여,68세,부상신고
96,2018111200100345,2018년 11월 12일 15시,월요일,세종특별자치시 세종특별자치시 다정동,경상사고,0,0,1,0,차대사람 - 차도통행중,안전운전불이행,포장 - 건조,맑음,단일로 - 기타,승합,여,50세,상해없음,보행자,여,14세,경상
97,2018111200100555,2018년 11월 12일 20시,월요일,세종특별자치시 세종특별자치시 나성동,경상사고,0,0,1,0,차대사람 - 횡단중,신호위반,포장 - 건조,맑음,교차로 - 교차로횡단보도내,승용,남,38세,상해없음,보행자,여,13세,경상
98,2018111400100196,2018년 11월 14일 10시,수요일,세종특별자치시 세종특별자치시 조치원읍,경상사고,0,0,1,0,차대사람 - 차도통행중,안전운전불이행,포장 - 건조,맑음,단일로 - 기타,승용,여,31세,상해없음,보행자,남,50세,경상
99,2018112000100034,2018년 11월 20일 05시,화요일,세종특별자치시 세종특별자치시 금남면,경상사고,0,0,1,0,차대사람 - 횡단중,안전운전불이행,포장 - 건조,맑음,교차로 - 교차로안,화물,남,57세,상해없음,보행자,남,26세,경상
100,2018112100100167,2018년 11월 21일 09시,수요일,세종특별자치시 세종특별자치시 어진동,경상사고,0,0,1,0,차대사람 - 횡단중,신호위반,포장 - 건조,맑음,교차로 - 교차로횡단보도내,승용,남,71세,상해없음,보행자,여,23세,경상
101,2018112300100177,2018년 11월 23일 09시,금요일,세종특별자치시 세종특별자치시 금남면,중상사고,0,1,0,0,차대사람 - 기타,안전운전불이행,포장 - 건조,맑음,교차로 - 교차로부근,승용,남,73세,상해없음,보행자,여,63세,중상
102,2018112300100704,2018년 11월 23일 22시,금요일,세종특별자치시 세종특별자치시 금남면,중상사고,0,1,0,0,차대사람 - 기타,안전운전불이행,포장 - 건조,맑음,단일로 - 기타,승용,남,27세,상해없음,보행자,남,57세,중상
103,2018112400100116,2018년 11월 24일 06시,토요일,세종특별자치시 세종특별자치시 연기면,경상사고,0,0,1,0,차대사람 - 횡단중,보행자보호의무위반,포장 - 건조,맑음,교차로 - 교차로안,승용,남,45세,상해없음,보행자,남,54세,경상
104,2018112400100568,2018년 11월 24일 19시,토요일,세종특별자치시 세종특별자치시 조치원읍,중상사고,0,1,0,0,차대사람 - 기타,안전운전불이행,포장 - 젖음/습기,흐림,교차로 - 교차로횡단보도내,승용,남,58세,상해없음,보행자,남,34세,중상
105,2018120400100359,2018년 12월 4일 15시,화요일,세종특별자치시 세종특별자치시 조치원읍,경상사고,0,0,1,0,차대사람 - 기타,안전운전불이행,포장 - 건조,맑음,단일로 - 기타,화물,남,23세,상해없음,보행자,여,86세,경상
106,2018120800100145,2018년 12월 8일 09시,토요일,세종특별자치시 세종특별자치시 조치원읍,중상사고,0,1,0,0,차대사람 - 횡단중,보행자보호의무위반,포장 - 건조,맑음,단일로 - 기타,승합,남,75세,상해없음,보행자,남,77세,중상
107,2018121000100082,2018년 12월 10일 08시,월요일,세종특별자치시 세종특별자치시 소담동,경상사고,0,0,1,0,차대사람 - 횡단중,보행자보호의무위반,포장 - 건조,맑음,교차로 - 교차로횡단보도내,승용,여,49세,상해없음,보행자,여,23세,경상
108,2018121300100449,2018년 12월 13일 17시,목요일,세종특별자치시 세종특별자치시 보람동,경상사고,0,0,1,0,차대사람 - 횡단중,안전운전불이행,포장 - 건조,맑음,단일로 - 기타,승용,여,27세,상해없음,보행자,여,5세,경상
109,2018121500100253,2018년 12월 15일 11시,토요일,세종특별자치시 세종특별자치시 조치원읍,중상사고,0,1,0,0,차대사람 - 횡단중,보행자보호의무위반,포장 - 건조,맑음,교차로 - 교차로부근,화물,남,48세,상해없음,보행자,여,49세,중상
110,2018121700100572,2018년 12월 17일 18시,월요일,세종특별자치시 세종특별자치시 한솔동,경상사고,0,0,1,0,차대사람 - 횡단중,보행자보호의무위반,포장 - 건조,맑음,교차로 - 교차로부근,승용,여,46세,상해없음,보행자,여,59세,경상
111,2018122200100013,2018년 12월 22일 00시,토요일,세종특별자치시 세종특별자치시 종촌동,경상사고,0,0,1,0,차대사람 - 횡단중,안전운전불이행,포장 - 건조,맑음,교차로 - 교차로횡단보도내,승용,남,57세,상해없음,보행자,남,63세,경상
112,2018122200100295,2018년 12월 22일 13시,토요일,세종특별자치시 세종특별자치시 도담동,중상사고,0,1,0,0,차대사람 - 기타,안전운전불이행,포장 - 건조,맑음,단일로 - 기타,화물,남,27세,상해없음,보행자,여,82세,중상
113,2018122700100441,2018년 12월 27일 18시,목요일,세종특별자치시 세종특별자치시 어진동,중상사고,0,1,0,0,차대사람 - 횡단중,안전운전불이행,포장 - 건조,맑음,교차로 - 교차로횡단보도내,승용,여,44세,상해없음,보행자,남,46세,중상
114,2018123000100046,2018년 12월 30일 02시,일요일,세종특별자치시 세종특별자치시 조치원읍,경상사고,0,0,1,0,차대사람 - 기타,안전운전불이행,포장 - 건조,맑음,단일로 - 기타,기타불명,기타불명,미분류,기타불명,보행자,남,60세,경상